saved_at,target_date,prompt,response
2026-07-19T15:05:32,2026-07-19,"あなたは日本の家庭料理に詳しい料理研究家兼、妊娠中の食事を安全面から補助する献立アシスタントです。
冷蔵庫の現実の在庫を最優先し、料理名だけを機械的に合成せず、一般的に成立して本当においしい夕食を考えてください。

【1. 家族人数】
- 2人分

【2. 妊娠情報】
- 出産予定日：2027-03-15
- 現在：妊娠5週6日

【3. 妊娠中の安全条件】
- レバー、ハツ、鶏モツは使わない
- 生肉、生魚、生卵、生ハムなど非加熱食品は避ける
- 肉・魚・卵は中心まで十分に加熱する
- アルコールを料理に使う場合は十分に加熱して飛ばす
- 妊娠中の食品安全に不確かな食材は、より安全な代替案を選ぶ

【4〜6. 現在の冷蔵庫・残量・消費目安】
- 小松菜：0.333333束（保存場所：野菜室、消費目安：2026-07-21）／メモ：買い物リストから自動追加（消費目安）
- 小松菜：3.33333e-07束（保存場所：野菜室、消費目安：2026-07-21）／メモ：買い物リストから自動追加（消費目安）
- しめじ：120g（保存場所：冷蔵、消費目安：2026-07-23）／メモ：買い物リストから自動追加（消費目安）
- トマト：1個（保存場所：野菜室、消費目安：2026-07-23）／メモ：買い物リストから自動追加（消費目安）
- かぶ：2個（保存場所：野菜室、消費目安：2026-07-23）／メモ：買い物リストから自動追加（消費目安）
- トマト：120g（保存場所：野菜室、消費目安：2026-07-23）／メモ：買い物リストから自動追加（消費目安）
- きのこミックス：200g（保存場所：冷蔵、消費目安：2026-07-23）／メモ：買い物リストから自動追加（消費目安）
- ピーマン：4個（保存場所：野菜室、消費目安：2026-07-25）／メモ：買い物リストから自動追加（消費目安）
- かぼちゃ：250g（保存場所：野菜室、消費目安：2026-07-25）／メモ：買い物リストから自動追加（消費目安）
- 卵：10個（保存場所：冷蔵、消費目安：2026-08-01）／メモ：買い物リストから自動追加（消費目安）
- 玉ねぎ：170g（保存場所：常温、消費目安：2026-08-08）／メモ：買い物リストから自動追加（消費目安）
- わかめ：3g（保存場所：常温、消費目安：2027-01-14）／メモ：買い物リストから自動追加（消費目安）
- コーン：50g（保存場所：常温、消費目安：2027-07-18）／メモ：買い物リストから自動追加（消費目安）

【7. 優先して使い切りたい食材】
- 小松菜：0.333333束（あと2日）
- 小松菜：3.33333e-07束（あと2日）

【8. 買い物周期】
- 3日ごと

【9. 今回の追加購入予算】
- 目安 1000円以内

【10. 調理時間】
- 3品を並行調理し、夕食全体を30分以内で完成

【11. 直近14日間の献立】
- 2026-08-16｜主菜：木綿豆腐としめじの味噌炒め／副菜：じゃがいもの蒸しサラダ／汁物：大根とにんじんの味噌汁
- 2026-08-15｜主菜：さばと玉ねぎの塩こうじ焼き／副菜：切り干し大根のおかか和え／汁物：もやしと小松菜のコンソメスープ
- 2026-08-14｜主菜：生鮭としめじのしょうが焼き／副菜：切り干し大根のごま和え／汁物：白菜としめじの中華スープ
- 2026-08-13｜主菜：厚揚げと小松菜の照り焼き／副菜：小松菜のごま和え／汁物：れんこんとしめじの味噌汁
- 2026-08-12｜主菜：厚揚げとしめじの味噌炒め／副菜：小松菜の蒸しサラダ／汁物：小松菜とコーンの中華スープ
- 2026-08-11｜主菜：さばとしめじのしょうが焼き／副菜：小松菜のナムル／汁物：なすとトマトの豆乳スープ
- 2026-08-10｜主菜：厚揚げとにらのごまぽん酢／副菜：ピーマンのナムル／汁物：じゃがいもとにんじんのコンソメスープ
- 2026-08-09｜主菜：さばと玉ねぎの野菜蒸し／副菜：ピーマンの塩昆布和え／汁物：かぼちゃと玉ねぎの豆乳スープ
- 2026-08-08｜主菜：生鮭と玉ねぎの照り焼き／副菜：じゃがいものごま和え／汁物：もやしと小松菜の豆乳スープ
- 2026-08-07｜主菜：生鮭と玉ねぎのカレー炒め／副菜：かぼちゃの塩昆布和え／汁物：きのこミックスと白菜の豆乳スープ
- 2026-08-06｜主菜：豚こま切れ肉と玉ねぎの照り焼き／副菜：かぼちゃのおかか和え／汁物：れんこんとにんじんの中華スープ
- 2026-08-05｜主菜：鶏むね肉と玉ねぎの照り焼き／副菜：かぼちゃのナムル／汁物：トマトと玉ねぎのコンソメスープ
- 2026-08-04｜主菜：鶏もも肉と玉ねぎのカレー炒め／副菜：かぼちゃのごま和え／汁物：かぶと玉ねぎの豆乳スープ
- 2026-08-03｜主菜：鶏もも肉としめじのしょうが焼き／副菜：きのこミックスのナムル／汁物：きのこミックスと長ねぎの味噌汁

【12. 料理の重複回避】
- 直近14日以内と同じ料理は原則提案しない

【13. 主食材の偏り防止】
- 同じ肉・魚・卵料理が続かないようにする
- 3品すべてで同じ食材を主役にしない

【14. 料理ジャンルの希望】
- 指定なし。食材に最も合うもの

【15. 味・気分の希望】
- 指定なし。献立全体のバランスを優先

【16. 買い足し条件】
- 冷蔵庫の食材を最大限使い、買い足しは最大3品
- 調味料は一般家庭にある基本調味料が揃っている前提でよい

【17. 基本調味料の前提】
- 塩、こしょう、砂糖、しょうゆ、みそ、酢、みりん、料理酒、油、だし類は在庫確認不要
- 特殊なソースや香辛料が必要なら買い足しへ記載

【18. 献立構成】
- 白米は別に用意する
- 妻の白米：300g
- 夫の白米：300g
- 主菜1品、副菜1品、汁物1品を提案する
- 味付け、食感、調理法が3品で重複しすぎないようにする

【19. 作りやすさ】
- 料理初心者でも迷わない簡潔な手順
- 材料は2人分の具体的な数量と単位を記載
- 3品を30分以内で作るための同時進行順も記載

【20. 出力形式】
以下の形式を崩さず、日本語で出力してください。

【献立のねらい】
（在庫・期限・栄養・味の組み合わせを踏まえた短い説明）

【主菜】
料理名：
調理時間：
材料（2人分）：
調味料：
作り方：
使用する冷蔵庫食材：

【副菜】
料理名：
調理時間：
材料（2人分）：
調味料：
作り方：
使用する冷蔵庫食材：

【汁物】
料理名：
調理時間：
材料（2人分）：
調味料：
作り方：
使用する冷蔵庫食材：

【30分で作る順番】
1.
2.
3.

【買い足すもの】
- 食材名：必要量
（買い足しがなければ「なし」）

【調理後の冷蔵庫残量予測】
- 食材名：残る量

【妊娠中の安全確認】
- 十分加熱が必要な食材と注意点

【追加の希望】
特になし

最後に、提案した料理が一般的な料理として自然に成立するかを自分で再確認してください。たとえば肉を使わない料理へ安易に「生姜焼き」と名付けるような、不自然な料理名は禁止です。","【献立のねらい】

消費期限が近い小松菜を優先的に使い切りつつ、きのことかぶも活用します。主菜はたんぱく質と葉酸を補える鶏むね肉、副菜はかぼちゃでβカロテン、汁物はかぶときのこで食物繊維と水分を補える組み合わせです。直近14日と料理が重複しないよう、和風の蒸し料理・サラダ・すまし汁で変化をつけています。

【主菜】

料理名：鶏むね肉と小松菜・しめじの酒蒸し

調理時間：20分

材料（2人分）

鶏むね肉…300g（買い足し）
小松菜…1/3束
しめじ…80g
玉ねぎ…1/2個（約80g）
しょうが（チューブでも可）…小さじ1

調味料

酒…大さじ2
しょうゆ…大さじ1
塩…少々
こしょう…少々
ごま油…小さじ1

作り方

鶏むね肉はそぎ切りにし、軽く塩・こしょうを振る。
フライパンに玉ねぎ、しめじ、小松菜の茎、鶏肉、小松菜の葉の順に重ねる。
酒・しょうゆ・しょうがを加え、蓋をして中火で10〜12分蒸す。
鶏肉の中心まで火が通ったら、ごま油を回しかけて軽く混ぜる。

使用する冷蔵庫食材

小松菜（約1/3束・使い切り）
しめじ80g
玉ねぎ80g
【副菜】

料理名：かぼちゃとトマトの温サラダ

調理時間：10分

材料（2人分）

かぼちゃ…200g
トマト…1個
コーン…50g

調味料

オリーブ油…大さじ1
酢…小さじ2
塩…少々
黒こしょう…少々

作り方

かぼちゃは一口大に切り、電子レンジ（600W）で5〜6分加熱する。
トマトはくし切りにする。
かぼちゃ・トマト・コーンを合わせ、調味料で和える。

使用する冷蔵庫食材

かぼちゃ200g
トマト1個
コーン50g
【汁物】

料理名：かぶときのこミックスのすまし汁

調理時間：10分

材料（2人分）

かぶ…2個
きのこミックス…100g
わかめ…3g
水…500ml

調味料

和風だし…小さじ1
薄口しょうゆ（またはしょうゆ）…小さじ1
塩…少々

作り方

かぶはくし切りにする。
鍋に水・だし・かぶを入れて5分煮る。
きのこミックスを加えて3分煮る。
わかめを加え、しょうゆ・塩で味を調える。

使用する冷蔵庫食材

かぶ2個
きのこミックス100g
わかめ3g
【30分で作る順番】
かぼちゃを電子レンジにかけながら、汁物用の鍋を火にかける。
主菜の材料を切ってフライパンに並べ、蒸し始める。
かぼちゃが加熱できたら温サラダを和え、汁物を仕上げ、最後に主菜へごま油を回しかけて完成。
【買い足すもの】
鶏むね肉：300g

（約400〜500円程度で予算内）

【調理後の冷蔵庫残量予測】
小松菜：0束
しめじ：40g
トマト：約120g
かぶ：0個
きのこミックス：100g
ピーマン：4個
かぼちゃ：約50g
卵：10個
玉ねぎ：約90g
わかめ：0g
コーン：0g
【妊娠中の安全確認】
鶏むね肉は中心温度までしっかり火を通し、内部がピンク色でないことを確認してください。
しめじ・きのこ類も十分加熱してから食べてください。
トマトはよく洗って使用してください。
妊娠初期は葉酸が特に重要な時期です。小松菜は葉酸を含むため、この時期に適した食材です。
アルコール（料理酒）は蒸し調理中に十分加熱して飛ばします。
【追加の希望】

特になし

最終確認：
提案した3品は、日本の家庭料理として一般的に親しまれている組み合わせであり、料理名・調理法・使用食材にも不自然な点はありません。また、直近14日の献立との重複を避け、期限の近い小松菜を優先的に使い切れる内容になっています。"
